{"cameraMode":{"drawMode":0,"name":"Shaded","section":"Shading Mode"},"sceneLighting":false,"audioPlay":false,"sceneViewState":{"showFog":true,"showMaterialUpdate":true,"showSkybox":true,"showFlares":true,"showImageEffects":true,"showParticleSystems":true},"in2DMode":false,"pivot":{"x":-85.90811920166016,"y":665.6511840820313,"z":472.947998046875},"rotation":{"x":-0.019328225404024125,"y":0.5780177712440491,"z":0.013694980181753636,"w":0.815682053565979},"size":2770.799560546875,"orthographic":false}